Total number of sentences:                    ,36487,100
Sentences with 0 markers:        ,30180,82.71439142708363
Sentences with 1 marker:        ,5445,14.923123304190533
Sentences with 2 markers:        ,732,2.0061939868994436
Sentences with 3 or more markers: ,130,0.3562912818264039
Sentences with at least 2 co-occurring markers: ,862,2.3624852687258473
